Symbol,Security,GICS Sector,GICS Sub-Industry,Founded,Date added
MMM,3M,Industrials,Industrial Conglomerates,1902,1957-03-04
AOS,A. O. Smith,Industrials,Building Products,1916,2017-07-26
ABT,Abbott Laboratories,Health Care,Health Care Equipment,1888,1957-03-04
ABBV,AbbVie,Health Care,Biotechnology,2013 (1888),2012-12-31
ACN,Accenture,Information Technology,IT Consulting & Other Services,1989,2011-07-06
ADBE,Adobe Inc.,Information Technology,Application Software,1982,1997-05-05
AMD,Advanced Micro Devices,Information Technology,Semiconductors,1969,2017-03-20
AES,AES Corporation,Utilities,Independent Power Producers & Energy Traders,1981,1998-10-02
AFL,Aflac,Financials,Life & Health Insurance,1955,1999-05-28
A,Agilent Technologies,Health Care,Life Sciences Tools & Services,1999,2000-06-05
APD,Air Products,Materials,Industrial Gases,1940,1985-04-30
ABNB,Airbnb,Consumer Discretionary,"Hotels, Resorts & Cruise Lines",2008,2023-09-18
AKAM,Akamai Technologies,Information Technology,Internet Services & Infrastructure,1998,2007-07-12
ALB,Albemarle Corporation,Materials,Specialty Chemicals,1994,2016-07-01
ARE,Alexandria Real Estate Equities,Real Estate,Office REITs,1994,2017-03-20
ALGN,Align Technology,Health Care,Health Care Supplies,1997,2017-06-19
ALLE,Allegion,Industrials,Building Products,1908,2013-12-02
LNT,Alliant Energy,Utilities,Electric Utilities,1917,2016-07-01
ALL,Allstate,Financials,Property & Casualty Insurance,1931,1995-07-13
GOOGL,Alphabet Inc. (Class A),Communication Services,Interactive Media & Services,1998,2006-04-03
GOOG,Alphabet Inc. (Class C),Communication Services,Interactive Media & Services,1998,2014-04-03
MO,Altria,Consumer Staples,Tobacco,1985,1957-03-04
AMZN,Amazon,Consumer Discretionary,Broadline Retail,1994,2005-11-18
AMCR,Amcor,Materials,Paper & Plastic Packaging Products & Materials,2019 (1860),2019-06-07
AEE,Ameren,Utilities,Multi-Utilities,1902,1991-09-19
AEP,American Electric Power,Utilities,Electric Utilities,1906,1957-03-04
AXP,American Express,Financials,Consumer Finance,1850,1976-06-30
AIG,American International Group,Financials,Multi-line Insurance,1919,1980-03-31
AMT,American Tower,Real Estate,Telecom Tower REITs,1995,2007-11-19
AWK,American Water Works,Utilities,Water Utilities,1886,2016-03-04
AMP,Ameriprise Financial,Financials,Asset Management & Custody Banks,1894,2005-10-03
AME,Ametek,Industrials,Electrical Components & Equipment,1930,2013-09-23
AMGN,Amgen,Health Care,Biotechnology,1980,1992-01-02
APH,Amphenol,Information Technology,Electronic Components,1932,2008-09-30
ADI,Analog Devices,Information Technology,Semiconductors,1965,1999-10-12
AON,Aon plc,Financials,Insurance Brokers,1982 (1919),1996-04-23
APA,APA Corporation,Energy,Oil & Gas Exploration & Production,1954,1997-07-28
APO,Apollo Global Management,Financials,Asset Management & Custody Banks,1990,2024-12-23
AAPL,Apple Inc.,Information Technology,"Technology Hardware, Storage & Peripherals",1977,1982-11-30
AMAT,Applied Materials,Information Technology,Semiconductor Materials & Equipment,1967,1995-03-16
APP,AppLovin,Information Technology,Application Software,2012,2025-09-22
APTV,Aptiv,Consumer Discretionary,Automotive Parts & Equipment,1994,2012-12-24
ACGL,Arch Capital Group,Financials,Property & Casualty Insurance,1995,2022-11-01
ADM,Archer Daniels Midland,Consumer Staples,Agricultural Products & Services,1902,1957-03-04
ARES,Ares Management,Financials,Asset Management & Custody Banks,1977,2025-12-11
ANET,Arista Networks,Information Technology,Communications Equipment,2004,2018-08-28
AJG,Arthur J. Gallagher & Co.,Financials,Insurance Brokers,1927,2016-05-31
AIZ,Assurant,Financials,Multi-line Insurance,1892,2007-04-10
T,AT&T,Communication Services,Integrated Telecommunication Services,1983 (1885),1983-11-30
ATO,Atmos Energy,Utilities,Gas Utilities,1906,2019-02-15
ADSK,Autodesk,Information Technology,Application Software,1982,1989-12-01
ADP,Automatic Data Processing,Industrials,Human Resource & Employment Services,1949,1981-03-31
AZO,AutoZone,Consumer Discretionary,Automotive Retail,1979,1997-01-02
AVB,AvalonBay Communities,Real Estate,Multi-Family Residential REITs,1978,2007-01-10
AVY,Avery Dennison,Materials,Paper & Plastic Packaging Products & Materials,1935,1987-12-31
AXON,Axon Enterprise,Industrials,Aerospace & Defense,1993,2023-05-04
BKR,Baker Hughes,Energy,Oil & Gas Equipment & Services,2017,2017-07-07
BALL,Ball Corporation,Materials,"Metal, Glass & Plastic Containers",1880,1984-10-31
BAC,Bank of America,Financials,Diversified Banks,1998 (1923 / 1874),1976-06-30
BAX,Baxter International,Health Care,Health Care Equipment,1931,1972-09-30
BDX,Becton Dickinson,Health Care,Health Care Equipment,1897,1972-09-30
BRK.B,Berkshire Hathaway,Financials,Multi-Sector Holdings,1839,2010-02-16
BBY,Best Buy,Consumer Discretionary,Computer & Electronics Retail,1966,1999-06-29
TECH,Bio-Techne,Health Care,Life Sciences Tools & Services,1976,2021-08-30
BIIB,Biogen,Health Care,Biotechnology,1978,2003-11-13
BLK,BlackRock,Financials,Asset Management & Custody Banks,1988,2011-04-04
BX,Blackstone Inc.,Financials,Asset Management & Custody Banks,1985,2023-09-18
XYZ,"Block, Inc.",Financials,Transaction & Payment Processing Services,2009,2025-07-23
BK,BNY Mellon,Financials,Asset Management & Custody Banks,1784,1995-03-31
BA,Boeing,Industrials,Aerospace & Defense,1916,1957-03-04
BKNG,Booking Holdings,Consumer Discretionary,"Hotels, Resorts & Cruise Lines",1996,2009-11-06
BSX,Boston Scientific,Health Care,Health Care Equipment,1979,1995-02-24
BMY,Bristol Myers Squibb,Health Care,Pharmaceuticals,1989 (1887),1957-03-04
AVGO,Broadcom,Information Technology,Semiconductors,1961,2014-05-08
BR,Broadridge Financial Solutions,Industrials,Data Processing & Outsourced Services,1962,2018-06-18
BRO,Brown & Brown,Financials,Insurance Brokers,1939,2021-09-20
BF.B,Brown–Forman,Consumer Staples,Distillers & Vintners,1870,1982-10-31
BLDR,Builders FirstSource,Industrials,Building Products,1998,2023-12-18
BG,Bunge Global,Consumer Staples,Agricultural Products & Services,1818,2023-03-15
BXP,"BXP, Inc.",Real Estate,Office REITs,1970,2006-04-03
CHRW,C.H. Robinson,Industrials,Air Freight & Logistics,1905,2007-03-02
CDNS,Cadence Design Systems,Information Technology,Application Software,1988,2017-09-18
CPT,Camden Property Trust,Real Estate,Multi-Family Residential REITs,1981,2022-04-04
CPB,Campbell's Company (The),Consumer Staples,Packaged Foods & Meats,1869,1957-03-04
COF,Capital One,Financials,Consumer Finance,1994,1998-07-01
CAH,Cardinal Health,Health Care,Health Care Distributors,1971,1997-05-27
CCL,Carnival,Consumer Discretionary,"Hotels, Resorts & Cruise Lines",1972,1998-12-22
CARR,Carrier Global,Industrials,Building Products,"2020 (1915, United Technologies spinoff)",2020-04-03
CVNA,Carvana,Consumer Discretionary,Automotive Retail,2012,2025-12-22
CAT,Caterpillar Inc.,Industrials,Construction Machinery & Heavy Transportation Equipment,1925,1957-03-04
CBOE,Cboe Global Markets,Financials,Financial Exchanges & Data,1973,2017-03-01
CBRE,CBRE Group,Real Estate,Real Estate Services,1906,2006-11-10
CDW,CDW Corporation,Information Technology,Technology Distributors,1984,2019-09-23
COR,Cencora,Health Care,Health Care Distributors,1985,2001-08-30
CNC,Centene Corporation,Health Care,Managed Health Care,1984,2016-03-30
CNP,CenterPoint Energy,Utilities,Multi-Utilities,1882,1985-07-31
CF,CF Industries,Materials,Fertilizers & Agricultural Chemicals,1946,2008-08-27
CRL,Charles River Laboratories,Health Care,Life Sciences Tools & Services,1947,2021-05-14
SCHW,Charles Schwab Corporation,Financials,Investment Banking & Brokerage,1971,1997-06-02
CHTR,Charter Communications,Communication Services,Cable & Satellite,1993,2016-09-08
CVX,Chevron Corporation,Energy,Integrated Oil & Gas,1879,1957-03-04
CMG,Chipotle Mexican Grill,Consumer Discretionary,Restaurants,1993,2011-04-28
CB,Chubb Limited,Financials,Property & Casualty Insurance,1985,2010-07-15
CHD,Church & Dwight,Consumer Staples,Household Products,1847,2015-12-29
CI,Cigna,Health Care,Health Care Services,1982,1976-06-30
CINF,Cincinnati Financial,Financials,Property & Casualty Insurance,1950,1997-12-18
CTAS,Cintas,Industrials,Diversified Support Services,1929,2001-03-01
CSCO,Cisco,Information Technology,Communications Equipment,1984,1993-12-01
C,Citigroup,Financials,Diversified Banks,1998,1988-05-31
CFG,Citizens Financial Group,Financials,Regional Banks,1828,2016-01-29
CLX,Clorox,Consumer Staples,Household Products,1913,1969-03-31
CME,CME Group,Financials,Financial Exchanges & Data,1848,2006-08-11
CMS,CMS Energy,Utilities,Multi-Utilities,1886,1957-03-04
KO,Coca-Cola Company (The),Consumer Staples,Soft Drinks & Non-alcoholic Beverages,1886,1957-03-04
CTSH,Cognizant,Information Technology,IT Consulting & Other Services,1994,2006-11-17
COIN,Coinbase,Financials,Financial Exchanges & Data,2012,2025-05-19
CL,Colgate-Palmolive,Consumer Staples,Household Products,1806,1957-03-04
CMCSA,Comcast,Communication Services,Cable & Satellite,1963,2002-11-19
FIX,Comfort Systems USA,Industrials,Construction & Engineering,1997,2025-12-22
CAG,Conagra Brands,Consumer Staples,Packaged Foods & Meats,1919,1983-08-31
COP,ConocoPhillips,Energy,Oil & Gas Exploration & Production,2002,1957-03-04
ED,Consolidated Edison,Utilities,Multi-Utilities,1823,1957-03-04
STZ,Constellation Brands,Consumer Staples,Distillers & Vintners,1945,2005-07-01
CEG,Constellation Energy,Utilities,Electric Utilities,1999,2022-02-02
COO,Cooper Companies (The),Health Care,Health Care Supplies,1958,2016-09-23
CPRT,Copart,Industrials,Diversified Support Services,1982,2018-07-02
GLW,Corning Inc.,Information Technology,Electronic Components,1851,1995-02-27
CPAY,Corpay,Financials,Transaction & Payment Processing Services,2000,2018-06-20
CTVA,Corteva,Materials,Fertilizers & Agricultural Chemicals,2019,2019-06-03
CSGP,CoStar Group,Real Estate,Real Estate Services,1987,2022-09-19
COST,Costco,Consumer Staples,Consumer Staples Merchandise Retail,1976,1993-10-01
CTRA,Coterra,Energy,Oil & Gas Exploration & Production,2021 (1989),2008-06-23
CRH,CRH plc,Materials,Construction Materials,1970,2025-12-22
CRWD,CrowdStrike,Information Technology,Systems Software,2011,2024-06-24
CCI,Crown Castle,Real Estate,Telecom Tower REITs,1994,2012-03-14
CSX,CSX Corporation,Industrials,Rail Transportation,1980,1957-03-04
CMI,Cummins,Industrials,Construction Machinery & Heavy Transportation Equipment,1919,1965-03-31
CVS,CVS Health,Health Care,Health Care Services,1996,1957-03-04
DHR,Danaher Corporation,Health Care,Life Sciences Tools & Services,1969,1998-11-18
DRI,Darden Restaurants,Consumer Discretionary,Restaurants,1938,1995-05-31
DDOG,Datadog,Information Technology,Application Software,2010,2025-07-09
DVA,DaVita,Health Care,Health Care Services,1979,2008-07-31
DAY,Dayforce,Industrials,Human Resource & Employment Services,1992,2021-09-20
DECK,Deckers Brands,Consumer Discretionary,Footwear,1973,2024-03-18
DE,Deere & Company,Industrials,Agricultural & Farm Machinery,1837,1957-03-04
DELL,Dell Technologies,Information Technology,"Technology Hardware, Storage & Peripherals",2016,2024-09-23
DAL,Delta Air Lines,Industrials,Passenger Airlines,1929,2013-09-11
DVN,Devon Energy,Energy,Oil & Gas Exploration & Production,1971,2000-08-30
DXCM,Dexcom,Health Care,Health Care Equipment,1999,2020-05-12
FANG,Diamondback Energy,Energy,Oil & Gas Exploration & Production,2007,2018-12-03
DLR,Digital Realty,Real Estate,Data Center REITs,2004,2016-05-18
DG,Dollar General,Consumer Staples,Consumer Staples Merchandise Retail,1939,2012-12-03
DLTR,Dollar Tree,Consumer Staples,Consumer Staples Merchandise Retail,1986,2011-12-19
D,Dominion Energy,Utilities,Multi-Utilities,1983,2016-11-30
DPZ,Domino's,Consumer Discretionary,Restaurants,1960,2020-05-12
DASH,DoorDash,Consumer Discretionary,Specialized Consumer Services,2012,2025-03-24
DOV,Dover Corporation,Industrials,Industrial Machinery & Supplies & Components,1955,1985-10-31
DOW,Dow Inc.,Materials,Commodity Chemicals,2019 (1897),2019-04-01
DHI,D. R. Horton,Consumer Discretionary,Homebuilding,1978,2005-06-22
DTE,DTE Energy,Utilities,Multi-Utilities,1995,1957-03-04
DUK,Duke Energy,Utilities,Electric Utilities,1904,1976-06-30
DD,DuPont,Materials,Specialty Chemicals,2017 (1802),2019-06-03
ETN,Eaton Corporation,Industrials,Electrical Components & Equipment,1911,1957-03-04
EBAY,eBay Inc.,Consumer Discretionary,Broadline Retail,1995,2002-07-22
ECL,Ecolab,Materials,Specialty Chemicals,1923,1989-01-31
EIX,Edison International,Utilities,Electric Utilities,1886,1957-03-04
EW,Edwards Lifesciences,Health Care,Health Care Equipment,1958,2011-04-01
EA,Electronic Arts,Communication Services,Interactive Home Entertainment,1982,2002-07-22
ELV,Elevance Health,Health Care,Managed Health Care,2014 (1946),2002-07-25
EME,Emcor,Industrials,Construction & Engineering,1994,2025-09-22
EMR,Emerson Electric,Industrials,Electrical Components & Equipment,1890,1965-03-31
ETR,Entergy,Utilities,Electric Utilities,1913,1957-03-04
EOG,EOG Resources,Energy,Oil & Gas Exploration & Production,1999,2000-11-02
EPAM,EPAM Systems,Information Technology,IT Consulting & Other Services,1993,2021-12-14
EQT,EQT Corporation,Energy,Oil & Gas Exploration & Production,1888,2022-10-03
EFX,Equifax,Industrials,Research & Consulting Services,1899,1997-06-19
EQIX,Equinix,Real Estate,Data Center REITs,1998,2015-03-20
EQR,Equity Residential,Real Estate,Multi-Family Residential REITs,1969,2001-12-03
ERIE,Erie Indemnity,Financials,Insurance Brokers,1925,2024-09-23
ESS,Essex Property Trust,Real Estate,Multi-Family Residential REITs,1971,2014-04-02
EL,Estée Lauder Companies (The),Consumer Staples,Personal Care Products,1946,2006-01-05
EG,Everest Group,Financials,Reinsurance,1973,2017-06-19
EVRG,Evergy,Utilities,Electric Utilities,1909,2018-06-05
ES,Eversource Energy,Utilities,Electric Utilities,1966,2009-07-24
EXC,Exelon,Utilities,Electric Utilities,2000,1957-03-04
EXE,Expand Energy,Energy,Oil & Gas Exploration & Production,1989,2025-03-24
EXPE,Expedia Group,Consumer Discretionary,"Hotels, Resorts & Cruise Lines",1996,2007-10-02
EXPD,Expeditors International,Industrials,Air Freight & Logistics,1979,2007-10-10
EXR,Extra Space Storage,Real Estate,Self-Storage REITs,1977,2016-01-19
XOM,ExxonMobil,Energy,Integrated Oil & Gas,1999,1957-03-04
FFIV,"F5, Inc.",Information Technology,Communications Equipment,1996,2010-12-20
FDS,FactSet,Financials,Financial Exchanges & Data,1978,2021-12-20
FICO,Fair Isaac,Information Technology,Application Software,1956,2023-03-20
FAST,Fastenal,Industrials,Trading Companies & Distributors,1967,2008-09-15
FRT,Federal Realty Investment Trust,Real Estate,Retail REITs,1962,2016-02-01
FDX,FedEx,Industrials,Air Freight & Logistics,1971,1980-12-31
FIS,Fidelity National Information Services,Financials,Transaction & Payment Processing Services,1968,2006-11-10
FITB,Fifth Third Bancorp,Financials,Regional Banks,1858,1996-03-29
FSLR,First Solar,Information Technology,Semiconductors,1999,2022-12-19
FE,FirstEnergy,Utilities,Electric Utilities,1997,1997-11-28
FISV,Fiserv,Financials,Transaction & Payment Processing Services,1984,2001-04-02
F,Ford Motor Company,Consumer Discretionary,Automobile Manufacturers,1903,1957-03-04
FTNT,Fortinet,Information Technology,Systems Software,2000,2018-10-11
FTV,Fortive,Industrials,Industrial Machinery & Supplies & Components,2016,2016-07-01
FOXA,Fox Corporation (Class A),Communication Services,Broadcasting,2019,2019-03-19
FOX,Fox Corporation (Class B),Communication Services,Broadcasting,2019,2019-03-19
BEN,Franklin Resources,Financials,Asset Management & Custody Banks,1947,1998-04-30
FCX,Freeport-McMoRan,Materials,Copper,1912,2011-07-01
GRMN,Garmin,Consumer Discretionary,Consumer Electronics,1989,2012-12-12
IT,Gartner,Information Technology,IT Consulting & Other Services,1979,2017-04-05
GE,GE Aerospace,Industrials,Aerospace & Defense,1892,1957-03-04
GEHC,GE HealthCare,Health Care,Health Care Equipment,1994,2023-01-04
GEV,GE Vernova,Industrials,Heavy Electrical Equipment,2024,2024-04-02
GEN,Gen Digital,Information Technology,Systems Software,1982,2003-03-25
GNRC,Generac,Industrials,Electrical Components & Equipment,1959,2021-03-22
GD,General Dynamics,Industrials,Aerospace & Defense,1899,1957-03-04
GIS,General Mills,Consumer Staples,Packaged Foods & Meats,1856,1957-03-04
GM,General Motors,Consumer Discretionary,Automobile Manufacturers,1908,2013-06-06
GPC,Genuine Parts Company,Consumer Discretionary,Distributors,1925,1973-12-31
GILD,Gilead Sciences,Health Care,Biotechnology,1987,2004-07-01
GPN,Global Payments,Financials,Transaction & Payment Processing Services,2000,2016-04-25
GL,Globe Life,Financials,Life & Health Insurance,1900,1989-04-30
GDDY,GoDaddy,Information Technology,Internet Services & Infrastructure,1997,2024-06-24
GS,Goldman Sachs,Financials,Investment Banking & Brokerage,1869,2002-07-22
HAL,Halliburton,Energy,Oil & Gas Equipment & Services,1919,1957-03-04
HIG,Hartford (The),Financials,Property & Casualty Insurance,1810,1957-03-04
HAS,Hasbro,Consumer Discretionary,Leisure Products,1923,1984-09-30
HCA,HCA Healthcare,Health Care,Health Care Facilities,1968,2015-01-27
DOC,Healthpeak Properties,Real Estate,Health Care REITs,1985,2008-03-31
HSIC,Henry Schein,Health Care,Health Care Distributors,1932,2015-03-17
HSY,Hershey Company (The),Consumer Staples,Packaged Foods & Meats,1894,1957-03-04
HPE,Hewlett Packard Enterprise,Information Technology,"Technology Hardware, Storage & Peripherals",2015,2015-11-02
HLT,Hilton Worldwide,Consumer Discretionary,"Hotels, Resorts & Cruise Lines",1919,2017-06-19
HOLX,Hologic,Health Care,Health Care Equipment,1985,2016-03-30
HD,Home Depot (The),Consumer Discretionary,Home Improvement Retail,1978,1988-03-31
HON,Honeywell,Industrials,Industrial Conglomerates,1906,1957-03-04
HRL,Hormel Foods,Consumer Staples,Packaged Foods & Meats,1891,2009-03-04
HST,Host Hotels & Resorts,Real Estate,Hotel & Resort REITs,1993,2007-03-20
HWM,Howmet Aerospace,Industrials,Aerospace & Defense,1888,2016-10-21
HPQ,HP Inc.,Information Technology,"Technology Hardware, Storage & Peripherals",1939 (2015),1974-12-31
HUBB,Hubbell Incorporated,Industrials,Industrial Machinery & Supplies & Components,1888,2023-10-18
HUM,Humana,Health Care,Managed Health Care,1961,2012-12-10
HBAN,Huntington Bancshares,Financials,Regional Banks,1866,1997-08-28
HII,Huntington Ingalls Industries,Industrials,Aerospace & Defense,2011,2018-01-03
IBM,IBM,Information Technology,IT Consulting & Other Services,1911,1957-03-04
IEX,IDEX Corporation,Industrials,Industrial Machinery & Supplies & Components,1988,2019-08-09
IDXX,Idexx Laboratories,Health Care,Health Care Equipment,1983,2017-01-05
ITW,Illinois Tool Works,Industrials,Industrial Machinery & Supplies & Components,1912,1986-02-28
INCY,Incyte,Health Care,Biotechnology,1991,2017-02-28
IR,Ingersoll Rand,Industrials,Industrial Machinery & Supplies & Components,1859,2020-03-03
PODD,Insulet Corporation,Health Care,Health Care Equipment,2000,2023-03-15
INTC,Intel,Information Technology,Semiconductors,1968,1976-12-31
IBKR,Interactive Brokers,Financials,Investment Banking & Brokerage,1977,2025-08-28
ICE,Intercontinental Exchange,Financials,Financial Exchanges & Data,2000,2007-09-26
IFF,International Flavors & Fragrances,Materials,Specialty Chemicals,1958 (1889),1976-03-31
IP,International Paper,Materials,Paper & Plastic Packaging Products & Materials,1898,1957-03-04
INTU,Intuit,Information Technology,Application Software,1983,2000-12-05
ISRG,Intuitive Surgical,Health Care,Health Care Equipment,1995,2008-06-02
IVZ,Invesco,Financials,Asset Management & Custody Banks,1935,2008-08-21
INVH,Invitation Homes,Real Estate,Single-Family Residential REITs,2012,2022-09-19
IQV,IQVIA,Health Care,Life Sciences Tools & Services,1982,2017-08-29
IRM,Iron Mountain,Real Estate,Other Specialized REITs,1951,2009-01-06
JBHT,J.B. Hunt,Industrials,Cargo Ground Transportation,1961,2015-07-01
JBL,Jabil,Information Technology,Electronic Manufacturing Services,1966,2023-12-18
JKHY,Jack Henry & Associates,Financials,Transaction & Payment Processing Services,1976,2018-11-13
J,Jacobs Solutions,Industrials,Construction & Engineering,1947,2007-10-26
JNJ,Johnson & Johnson,Health Care,Pharmaceuticals,1886,1973-06-30
JCI,Johnson Controls,Industrials,Building Products,1885,2010-08-27
JPM,JPMorgan Chase,Financials,Diversified Banks,2000 (1799 / 1871),1975-06-30
KVUE,Kenvue,Consumer Staples,Personal Care Products,2022 (Johnson & Johnson spinoff),2023-08-25
KDP,Keurig Dr Pepper,Consumer Staples,Soft Drinks & Non-alcoholic Beverages,1981,2022-06-21
KEY,KeyCorp,Financials,Regional Banks,1825,1994-03-01
KEYS,Keysight Technologies,Information Technology,Electronic Equipment & Instruments,2014 (1939),2018-11-06
KMB,Kimberly-Clark,Consumer Staples,Household Products,1872,1957-03-04
KIM,Kimco Realty,Real Estate,Retail REITs,1958,2006-04-04
KMI,Kinder Morgan,Energy,Oil & Gas Storage & Transportation,1997,2012-05-25
KKR,KKR & Co.,Financials,Asset Management & Custody Banks,1976,2024-06-24
KLAC,KLA Corporation,Information Technology,Semiconductor Materials & Equipment,1975/1977 (1997),1997-09-30
KHC,Kraft Heinz,Consumer Staples,Packaged Foods & Meats,2015 (1869),2015-07-06
KR,Kroger,Consumer Staples,Food Retail,1883,1957-03-04
LHX,L3Harris,Industrials,Aerospace & Defense,"2019 (L3 1997, Harris 1895)",2008-09-22
LH,Labcorp,Health Care,Health Care Services,1978,2004-11-01
LRCX,Lam Research,Information Technology,Semiconductor Materials & Equipment,1980,2012-06-29
LW,Lamb Weston,Consumer Staples,Packaged Foods & Meats,2016 (1950),2018-12-03
LVS,Las Vegas Sands,Consumer Discretionary,Casinos & Gaming,1988,2019-10-03
LDOS,Leidos,Industrials,Diversified Support Services,1969,2019-08-09
LEN,Lennar,Consumer Discretionary,Homebuilding,1954,2005-10-04
LII,Lennox International,Industrials,Building Products,1895,2024-12-23
LLY,Lilly (Eli),Health Care,Pharmaceuticals,1876,1970-12-31
LIN,Linde plc,Materials,Industrial Gases,1879,1992-07-01
LYV,Live Nation Entertainment,Communication Services,Movies & Entertainment,2010,2019-12-23
LMT,Lockheed Martin,Industrials,Aerospace & Defense,1995,1957-03-04
L,Loews Corporation,Financials,Multi-line Insurance,1959,1995-05-31
LOW,Lowe's,Consumer Discretionary,Home Improvement Retail,1904/1946/1959,1984-02-29
LULU,Lululemon Athletica,Consumer Discretionary,"Apparel, Accessories & Luxury Goods",1998,2023-10-18
LYB,LyondellBasell,Materials,Specialty Chemicals,2007,2012-09-05
MTB,M&T Bank,Financials,Regional Banks,1856,2004-02-23
MPC,Marathon Petroleum,Energy,Oil & Gas Refining & Marketing,2009 (1887),2011-07-01
MAR,Marriott International,Consumer Discretionary,"Hotels, Resorts & Cruise Lines",1927,1998-05-29
MRSH,Marsh McLennan,Financials,Insurance Brokers,1905,1987-08-31
MLM,Martin Marietta Materials,Materials,Construction Materials,1993,2014-07-02
MAS,Masco,Industrials,Building Products,1929,1981-06-30
MA,Mastercard,Financials,Transaction & Payment Processing Services,1966,2008-07-18
MTCH,Match Group,Communication Services,Interactive Media & Services,1986,2021-09-20
MKC,McCormick & Company,Consumer Staples,Packaged Foods & Meats,1889,2003-03-20
MCD,McDonald's,Consumer Discretionary,Restaurants,1940,1970-06-30
MCK,McKesson Corporation,Health Care,Health Care Distributors,1833,1999-01-13
MDT,Medtronic,Health Care,Health Care Equipment,1949,1986-10-31
MRK,Merck & Co.,Health Care,Pharmaceuticals,1891,1957-03-04
META,Meta Platforms,Communication Services,Interactive Media & Services,2004,2013-12-23
MET,MetLife,Financials,Life & Health Insurance,1868,2000-12-11
MTD,Mettler Toledo,Health Care,Life Sciences Tools & Services,1945,2016-09-06
MGM,MGM Resorts,Consumer Discretionary,Casinos & Gaming,1986,2017-07-26
MCHP,Microchip Technology,Information Technology,Semiconductors,1989,2007-09-07
MU,Micron Technology,Information Technology,Semiconductors,1978,1994-09-27
MSFT,Microsoft,Information Technology,Systems Software,1975,1994-06-01
MAA,Mid-America Apartment Communities,Real Estate,Multi-Family Residential REITs,1977,2016-12-02
MRNA,Moderna,Health Care,Biotechnology,2010,2021-07-21
MOH,Molina Healthcare,Health Care,Managed Health Care,1980,2022-03-02
TAP,Molson Coors Beverage Company,Consumer Staples,Brewers,"2005 (Molson 1786, Coors 1873)",1976-06-30
MDLZ,Mondelez International,Consumer Staples,Packaged Foods & Meats,2012,2012-10-02
MPWR,Monolithic Power Systems,Information Technology,Semiconductors,1997,2021-02-12
MNST,Monster Beverage,Consumer Staples,Soft Drinks & Non-alcoholic Beverages,2012 (1935),2012-06-28
MCO,Moody's Corporation,Financials,Financial Exchanges & Data,1909,1998-07-01
MS,Morgan Stanley,Financials,Investment Banking & Brokerage,1935,1993-07-29
MOS,Mosaic Company (The),Materials,Fertilizers & Agricultural Chemicals,2004 (1865 / 1909),2011-09-26
MSI,Motorola Solutions,Information Technology,Communications Equipment,1928 (2011),1957-03-04
MSCI,MSCI Inc.,Financials,Financial Exchanges & Data,1969,2018-04-04
NDAQ,"Nasdaq, Inc.",Financials,Financial Exchanges & Data,1971,2008-10-22
NTAP,NetApp,Information Technology,"Technology Hardware, Storage & Peripherals",1992,1999-06-25
NFLX,Netflix,Communication Services,Movies & Entertainment,1997,2010-12-20
NEM,Newmont,Materials,Gold,1921,1969-06-30
NWSA,News Corp (Class A),Communication Services,Publishing,2013 (News Corporation 1980),2013-08-01
NWS,News Corp (Class B),Communication Services,Publishing,2013 (News Corporation 1980),2015-09-18
NEE,NextEra Energy,Utilities,Multi-Utilities,1984 (1925),1976-06-30
NKE,"Nike, Inc.",Consumer Discretionary,"Apparel, Accessories & Luxury Goods",1964,1988-11-30
NI,NiSource,Utilities,Multi-Utilities,1912,2000-11-02
NDSN,Nordson Corporation,Industrials,Industrial Machinery & Supplies & Components,1935,2022-02-15
NSC,Norfolk Southern,Industrials,Rail Transportation,1881/1894 (1980),1957-03-04
NTRS,Northern Trust,Financials,Asset Management & Custody Banks,1889,1998-01-30
NOC,Northrop Grumman,Industrials,Aerospace & Defense,"1994 (Northrop 1939, Grumman 1930)",1957-03-04
NCLH,Norwegian Cruise Line Holdings,Consumer Discretionary,"Hotels, Resorts & Cruise Lines",2011 (1966),2017-10-13
NRG,NRG Energy,Utilities,Independent Power Producers & Energy Traders,1992,2010-01-29
NUE,Nucor,Materials,Steel,1940,1985-04-30
NVDA,Nvidia,Information Technology,Semiconductors,1993,2001-11-30
NVR,"NVR, Inc.",Consumer Discretionary,Homebuilding,1980,2019-09-26
NXPI,NXP Semiconductors,Information Technology,Semiconductors,1953,2021-03-22
ORLY,O’Reilly Automotive,Consumer Discretionary,Automotive Retail,1957,2009-03-27
OXY,Occidental Petroleum,Energy,Oil & Gas Exploration & Production,1920,1957-03-04
ODFL,Old Dominion,Industrials,Cargo Ground Transportation,1934,2019-12-09
OMC,Omnicom Group,Communication Services,Advertising,1986,1997-12-31
ON,ON Semiconductor,Information Technology,Semiconductors,1999,2022-06-21
OKE,Oneok,Energy,Oil & Gas Storage & Transportation,1906,2010-03-15
ORCL,Oracle Corporation,Information Technology,Application Software,1977,1989-08-31
OTIS,Otis Worldwide,Industrials,Industrial Machinery & Supplies & Components,"2020 (1853, United Technologies spinoff)",2020-04-03
PCAR,Paccar,Industrials,Construction Machinery & Heavy Transportation Equipment,1905,1980-12-31
PKG,Packaging Corporation of America,Materials,Paper & Plastic Packaging Products & Materials,1959,2017-07-26
PLTR,Palantir Technologies,Information Technology,Application Software,2003,2024-09-23
PANW,Palo Alto Networks,Information Technology,Systems Software,2005,2023-06-20
PSKY,Paramount Skydance Corporation,Communication Services,Movies & Entertainment,2025 (Paramount Pictures 1912),1994-09-30
PH,Parker Hannifin,Industrials,Industrial Machinery & Supplies & Components,1917,1985-11-30
PAYX,Paychex,Industrials,Human Resource & Employment Services,1971,1998-10-01
PAYC,Paycom,Industrials,Human Resource & Employment Services,1998,2020-01-28
PYPL,PayPal,Financials,Transaction & Payment Processing Services,1998,2015-07-20
PNR,Pentair,Industrials,Industrial Machinery & Supplies & Components,1966,2012-10-01
PEP,PepsiCo,Consumer Staples,Soft Drinks & Non-alcoholic Beverages,1898,1957-03-04
PFE,Pfizer,Health Care,Pharmaceuticals,1849,1957-03-04
PCG,PG&E Corporation,Utilities,Multi-Utilities,1905,2022-10-03
PM,Philip Morris International,Consumer Staples,Tobacco,2008 (1847),2008-03-31
PSX,Phillips 66,Energy,Oil & Gas Refining & Marketing,2012 (1917),2012-05-01
PNW,Pinnacle West Capital,Utilities,Multi-Utilities,1985,1999-10-04
PNC,PNC Financial Services,Financials,Diversified Banks,1845,1988-04-30
POOL,Pool Corporation,Consumer Discretionary,Distributors,1993,2020-10-07
PPG,PPG Industries,Materials,Specialty Chemicals,1883,1957-03-04
PPL,PPL Corporation,Utilities,Electric Utilities,1920,2001-10-01
PFG,Principal Financial Group,Financials,Life & Health Insurance,1879,2002-07-22
PG,Procter & Gamble,Consumer Staples,Personal Care Products,1837,1957-03-04
PGR,Progressive Corporation,Financials,Property & Casualty Insurance,1937,1997-08-04
PLD,Prologis,Real Estate,Industrial REITs,1983,2003-07-17
PRU,Prudential Financial,Financials,Life & Health Insurance,1875,2002-07-22
PEG,Public Service Enterprise Group,Utilities,Electric Utilities,1903,1957-03-04
PTC,PTC Inc.,Information Technology,Application Software,1985,2021-04-20
PSA,Public Storage,Real Estate,Self-Storage REITs,1972,2005-08-19
PHM,PulteGroup,Consumer Discretionary,Homebuilding,1956,1984-04-30
PWR,Quanta Services,Industrials,Construction & Engineering,1997,2009-07-01
QCOM,Qualcomm,Information Technology,Semiconductors,1985,1999-07-22
DGX,Quest Diagnostics,Health Care,Health Care Services,1967,2002-12-12
Q,Qnity Electronics,Information Technology,Semiconductor Materials & Equipment,2025,2025-11-03
RL,Ralph Lauren Corporation,Consumer Discretionary,"Apparel, Accessories & Luxury Goods",1967,2007-02-02
RJF,Raymond James Financial,Financials,Investment Banking & Brokerage,1962,2017-03-20
RTX,RTX Corporation,Industrials,Aerospace & Defense,1922,1957-03-04
O,Realty Income,Real Estate,Retail REITs,1969,2015-04-07
REG,Regency Centers,Real Estate,Retail REITs,1963,2017-03-02
REGN,Regeneron Pharmaceuticals,Health Care,Biotechnology,1988,2013-05-01
RF,Regions Financial Corporation,Financials,Regional Banks,1971,1998-08-28
RSG,Republic Services,Industrials,Environmental & Facilities Services,1998 (1981),2008-12-05
RMD,ResMed,Health Care,Health Care Equipment,1989,2017-07-26
RVTY,Revvity,Health Care,Health Care Equipment,1937,1985-05-31
HOOD,Robinhood Markets,Financials,Investment Banking & Brokerage,2013,2025-09-22
ROK,Rockwell Automation,Industrials,Electrical Components & Equipment,1903,2000-03-12
ROL,"Rollins, Inc.",Industrials,Environmental & Facilities Services,1948,2018-10-01
ROP,Roper Technologies,Information Technology,Electronic Equipment & Instruments,1981,2009-12-23
ROST,Ross Stores,Consumer Discretionary,Apparel Retail,1982,2009-12-21
RCL,Royal Caribbean Group,Consumer Discretionary,"Hotels, Resorts & Cruise Lines",1997,2014-12-05
SPGI,S&P Global,Financials,Financial Exchanges & Data,1917,1957-03-04
CRM,Salesforce,Information Technology,Application Software,1999,2008-09-15
SNDK,Sandisk,Information Technology,"Technology Hardware, Storage & Peripherals",1988,2025-11-28
SBAC,SBA Communications,Real Estate,Telecom Tower REITs,1989,2017-09-01
SLB,Schlumberger,Energy,Oil & Gas Equipment & Services,1926,1957-03-04
STX,Seagate Technology,Information Technology,"Technology Hardware, Storage & Peripherals",1979,2012-07-02
SRE,Sempra,Utilities,Multi-Utilities,1998,2017-03-17
NOW,ServiceNow,Information Technology,Systems Software,2003,2019-11-21
SHW,Sherwin-Williams,Materials,Specialty Chemicals,1866,1964-06-30
SPG,Simon Property Group,Real Estate,Retail REITs,2003,2002-06-26
SWKS,Skyworks Solutions,Information Technology,Semiconductors,2002,2015-03-12
SJM,J.M. Smucker Company (The),Consumer Staples,Packaged Foods & Meats,1897,2008-11-06
SW,Smurfit Westrock,Materials,Paper & Plastic Packaging Products & Materials,1934,2024-07-08
SNA,Snap-on,Industrials,Industrial Machinery & Supplies & Components,1920,1982-09-30
SOLV,Solventum,Health Care,Health Care Technology,2023,2024-04-01
SO,Southern Company,Utilities,Electric Utilities,1945,1957-03-04
LUV,Southwest Airlines,Industrials,Passenger Airlines,1967,1994-07-01
SWK,Stanley Black & Decker,Industrials,Industrial Machinery & Supplies & Components,1843,1982-09-30
SBUX,Starbucks,Consumer Discretionary,Restaurants,1971,2000-06-07
STT,State Street Corporation,Financials,Asset Management & Custody Banks,1792,2003-03-14
STLD,Steel Dynamics,Materials,Steel,1993,2022-12-22
STE,Steris,Health Care,Health Care Equipment,1985,2019-12-23
SYK,Stryker Corporation,Health Care,Health Care Equipment,1941,2000-12-12
SMCI,Supermicro,Information Technology,"Technology Hardware, Storage & Peripherals",1993,2024-03-18
SYF,Synchrony Financial,Financials,Consumer Finance,2003,2015-11-18
SNPS,Synopsys,Information Technology,Application Software,1986,2017-03-16
SYY,Sysco,Consumer Staples,Food Distributors,1969,1986-12-31
TMUS,T-Mobile US,Communication Services,Wireless Telecommunication Services,1994,2019-07-15
TROW,T. Rowe Price,Financials,Asset Management & Custody Banks,1937,2019-07-29
TTWO,Take-Two Interactive,Communication Services,Interactive Home Entertainment,1993,2018-03-19
TPR,"Tapestry, Inc.",Consumer Discretionary,"Apparel, Accessories & Luxury Goods",2017,2004-09-01
TRGP,Targa Resources,Energy,Oil & Gas Storage & Transportation,2005,2022-10-12
TGT,Target Corporation,Consumer Staples,Consumer Staples Merchandise Retail,1902,1976-12-31
TEL,TE Connectivity,Information Technology,Electronic Manufacturing Services,2007,2011-10-17
TDY,Teledyne Technologies,Information Technology,Electronic Equipment & Instruments,1960,2020-06-22
TER,Teradyne,Information Technology,Semiconductor Materials & Equipment,1960,2020-09-21
TSLA,"Tesla, Inc.",Consumer Discretionary,Automobile Manufacturers,2003,2020-12-21
TXN,Texas Instruments,Information Technology,Semiconductors,1930,2001-03-12
TPL,Texas Pacific Land Corporation,Energy,Oil & Gas Exploration & Production,1888,2024-11-26
TXT,Textron,Industrials,Aerospace & Defense,1923,1978-12-31
TMO,Thermo Fisher Scientific,Health Care,Life Sciences Tools & Services,2006 (1902),2004-08-03
TJX,TJX Companies,Consumer Discretionary,Apparel Retail,1987,1985-09-30
TKO,TKO Group Holdings,Communication Services,Movies & Entertainment,2023,2025-03-24
TTD,Trade Desk (The),Communication Services,Advertising,2009,2025-07-18
TSCO,Tractor Supply,Consumer Discretionary,Other Specialty Retail,1938,2014-01-24
TT,Trane Technologies,Industrials,Building Products,1871,2010-11-17
TDG,TransDigm Group,Industrials,Aerospace & Defense,1993,2016-06-03
TRV,Travelers Companies (The),Financials,Property & Casualty Insurance,1853,2002-08-21
TRMB,Trimble Inc.,Information Technology,Electronic Equipment & Instruments,1978,2021-01-21
TFC,Truist Financial,Financials,Diversified Banks,1872,1997-12-04
TYL,Tyler Technologies,Information Technology,Application Software,1966,2020-06-22
TSN,Tyson Foods,Consumer Staples,Packaged Foods & Meats,1935,2005-08-10
USB,U.S. Bancorp,Financials,Diversified Banks,1968,1999-11-01
UBER,Uber,Industrials,Passenger Ground Transportation,2009,2023-12-18
UDR,"UDR, Inc.",Real Estate,Multi-Family Residential REITs,1972,2016-03-07
ULTA,Ulta Beauty,Consumer Discretionary,Other Specialty Retail,1990,2016-04-18
UNP,Union Pacific Corporation,Industrials,Rail Transportation,1862,1957-03-04
UAL,United Airlines Holdings,Industrials,Passenger Airlines,1967,2015-09-03
UPS,United Parcel Service,Industrials,Air Freight & Logistics,1907,2002-07-22
URI,United Rentals,Industrials,Trading Companies & Distributors,1997,2014-09-20
UNH,UnitedHealth Group,Health Care,Managed Health Care,1977,1994-07-01
UHS,Universal Health Services,Health Care,Health Care Facilities,1979,2014-09-20
VLO,Valero Energy,Energy,Oil & Gas Refining & Marketing,1980,2002-12-20
VTR,Ventas,Real Estate,Health Care REITs,1998,2009-03-04
VLTO,Veralto,Industrials,Environmental & Facilities Services,2023,2023-10-02
VRSN,Verisign,Information Technology,Internet Services & Infrastructure,1995,2006-02-01
VRSK,Verisk Analytics,Industrials,Research & Consulting Services,1971,2015-10-08
VZ,Verizon,Communication Services,Integrated Telecommunication Services,1983 (1877),1983-11-30
VRTX,Vertex Pharmaceuticals,Health Care,Biotechnology,1989,2013-09-23
VTRS,Viatris,Health Care,Pharmaceuticals,1961,2004-04-23
VICI,Vici Properties,Real Estate,Hotel & Resort REITs,2017,2022-06-08
V,Visa Inc.,Financials,Transaction & Payment Processing Services,1958,2009-12-21
VST,Vistra Corp.,Utilities,Electric Utilities,2016,2024-05-08
VMC,Vulcan Materials Company,Materials,Construction Materials,1909,1999-06-30
WRB,W. R. Berkley Corporation,Financials,Property & Casualty Insurance,1967,2019-12-05
GWW,W. W. Grainger,Industrials,Industrial Machinery & Supplies & Components,1927,1981-06-30
WAB,Wabtec,Industrials,Construction Machinery & Heavy Transportation Equipment,1999 (1869),2019-02-27
WMT,Walmart,Consumer Staples,Consumer Staples Merchandise Retail,1962,1982-08-31
DIS,Walt Disney Company (The),Communication Services,Movies & Entertainment,1923,1976-06-30
WBD,Warner Bros. Discovery,Communication Services,Broadcasting,2022 (Warner Bros. 1923),2022-04-11
WM,Waste Management,Industrials,Environmental & Facilities Services,1968,1998-08-31
WAT,Waters Corporation,Health Care,Life Sciences Tools & Services,1958,2002-01-02
WEC,WEC Energy Group,Utilities,Electric Utilities,1896,2008-10-31
WFC,Wells Fargo,Financials,Diversified Banks,1852,1976-06-30
WELL,Welltower,Real Estate,Health Care REITs,1970,2009-01-30
WST,West Pharmaceutical Services,Health Care,Health Care Supplies,1923,2020-05-22
WDC,Western Digital,Information Technology,"Technology Hardware, Storage & Peripherals",1970,2009-07-01
WY,Weyerhaeuser,Real Estate,Timber REITs,1900,1979-10-01
WSM,"Williams-Sonoma, Inc.",Consumer Discretionary,Homefurnishing Retail,1956,2025-03-24
WMB,Williams Companies,Energy,Oil & Gas Storage & Transportation,1908,1975-03-31
WTW,Willis Towers Watson,Financials,Insurance Brokers,2016,2016-01-05
WDAY,"Workday, Inc.",Information Technology,Application Software,2005,2024-12-23
WYNN,Wynn Resorts,Consumer Discretionary,Casinos & Gaming,2002,2008-11-14
XEL,Xcel Energy,Utilities,Multi-Utilities,1909,1957-03-04
XYL,Xylem Inc.,Industrials,Industrial Machinery & Supplies & Components,2011,2011-11-01
YUM,Yum! Brands,Consumer Discretionary,Restaurants,1997,1997-10-06
ZBRA,Zebra Technologies,Information Technology,Electronic Equipment & Instruments,1969,2019-12-23
ZBH,Zimmer Biomet,Health Care,Health Care Equipment,1927,2001-08-07
ZTS,Zoetis,Health Care,Pharmaceuticals,1952,2013-06-21
